aa_player,aa_player_id,aa_player_team_id,aa_team,aa_team_id,action_area,action_area_id,action_area_injurytime_play,time_slice_id,time_slice_name,competition,kickoff,match_id
1,2074,309,3,309,"
            ",11,,1,0 - 5,data/epl,2017-09-11 20:00:00 +0100,32934
1,10504,309,1,309,"
            ",17,,1,0 - 5,data/epl,2017-09-11 20:00:00 +0100,32934
1,82,49,1,49,"
            ",7,,1,0 - 5,data/epl,2017-09-11 20:00:00 +0100,32934
1,10504,309,3,309,"
            ",10,,1,0 - 5,data/epl,2017-09-11 20:00:00 +0100,32934
2,905,49,5,49,"
            ",9,,1,0 - 5,data/epl,2017-09-11 20:00:00 +0100,32934
1,15004,309,2,309,"
            ",12,,1,0 - 5,data/epl,2017-09-11 20:00:00 +0100,32934
1,544,49,1,49,"
            ",6,,1,0 - 5,data/epl,2017-09-11 20:00:00 +0100,32934
1,82,49,2,49,"
            ",8,,1,0 - 5,data/epl,2017-09-11 20:00:00 +0100,32934
1,2948,49,3,49,"
            ",4,,1,0 - 5,data/epl,2017-09-11 20:00:00 +0100,32934
1,544,49,2,49,"
            ",5,,1,0 - 5,data/epl,2017-09-11 20:00:00 +0100,32934
1,544,49,1,49,"
            ",2,,1,0 - 5,data/epl,2017-09-11 20:00:00 +0100,32934
1,8206,309,1,309,"
            ",3,,1,0 - 5,data/epl,2017-09-11 20:00:00 +0100,32934
1,7969,309,1,309,"
            ",18,,1,0 - 5,data/epl,2017-09-11 20:00:00 +0100,32934
1,10560,49,1,49,"
            ",14,,1,0 - 5,data/epl,2017-09-11 20:00:00 +0100,32934
1,583,49,1,49,"
            ",15,,1,0 - 5,data/epl,2017-09-11 20:00:00 +0100,32934
1,11309,309,2,309,"
            ",16,,1,0 - 5,data/epl,2017-09-11 20:00:00 +0100,32934
1,8206,309,3,309,"
            ",12,,2,5 - 10,data/epl,2017-09-11 20:00:00 +0100,32934
2,10560,49,4,49,"
            ",6,,2,5 - 10,data/epl,2017-09-11 20:00:00 +0100,32934
1,11309,309,8,309,"
            ",11,,2,5 - 10,data/epl,2017-09-11 20:00:00 +0100,32934
2,729,49,7,49,"
            ",10,,2,5 - 10,data/epl,2017-09-11 20:00:00 +0100,32934
1,905,49,2,49,"
            ",9,,2,5 - 10,data/epl,2017-09-11 20:00:00 +0100,32934
2,544,49,2,49,"
            ",1,,2,5 - 10,data/epl,2017-09-11 20:00:00 +0100,32934
1,2074,309,2,309,"
            ",2,,2,5 - 10,data/epl,2017-09-11 20:00:00 +0100,32934
1,729,49,2,49,"
            ",7,,2,5 - 10,data/epl,2017-09-11 20:00:00 +0100,32934
1,11309,309,4,309,"
            ",3,,2,5 - 10,data/epl,2017-09-11 20:00:00 +0100,32934
1,2074,309,1,309,"
            ",5,,2,5 - 10,data/epl,2017-09-11 20:00:00 +0100,32934
1,925,49,2,49,"
            ",14,,2,5 - 10,data/epl,2017-09-11 20:00:00 +0100,32934
1,9470,49,1,49,"
            ",4,,2,5 - 10,data/epl,2017-09-11 20:00:00 +0100,32934
1,20871,309,2,309,"
            ",10,,3,10 - 15,data/epl,2017-09-11 20:00:00 +0100,32934
2,82,49,2,49,"
            ",7,,3,10 - 15,data/epl,2017-09-11 20:00:00 +0100,32934
1,729,49,2,49,"
            ",2,,3,10 - 15,data/epl,2017-09-11 20:00:00 +0100,32934
1,10955,49,1,49,"
            ",3,,3,10 - 15,data/epl,2017-09-11 20:00:00 +0100,32934
1,544,49,1,49,"
            ",4,,3,10 - 15,data/epl,2017-09-11 20:00:00 +0100,32934
1,7969,309,1,309,"
            ",16,,3,10 - 15,data/epl,2017-09-11 20:00:00 +0100,32934
1,7969,309,1,309,"
            ",17,,3,10 - 15,data/epl,2017-09-11 20:00:00 +0100,32934
1,15004,309,2,309,"
            ",11,,3,10 - 15,data/epl,2017-09-11 20:00:00 +0100,32934
1,8206,309,3,309,"
            ",12,,3,10 - 15,data/epl,2017-09-11 20:00:00 +0100,32934
1,10560,49,1,49,"
            ",6,,3,10 - 15,data/epl,2017-09-11 20:00:00 +0100,32934
1,2948,49,7,49,"
            ",9,,3,10 - 15,data/epl,2017-09-11 20:00:00 +0100,32934
1,9470,49,1,49,"
            ",15,,3,10 - 15,data/epl,2017-09-11 20:00:00 +0100,32934
1,925,49,2,49,"
            ",8,,3,10 - 15,data/epl,2017-09-11 20:00:00 +0100,32934
2,8206,309,2,309,"
            ",8,,4,15 - 20,data/epl,2017-09-11 20:00:00 +0100,32934
1,925,49,4,49,"
            ",7,,4,15 - 20,data/epl,2017-09-11 20:00:00 +0100,32934
1,10504,309,1,309,"
            ",13,,4,15 - 20,data/epl,2017-09-11 20:00:00 +0100,32934
1,10504,309,3,309,"
            ",14,,4,15 - 20,data/epl,2017-09-11 20:00:00 +0100,32934
1,583,49,6,49,"
            ",15,,4,15 - 20,data/epl,2017-09-11 20:00:00 +0100,32934
1,7969,309,4,309,"
            ",9,,4,15 - 20,data/epl,2017-09-11 20:00:00 +0100,32934
2,11309,309,1,309,"
            ",3,,4,15 - 20,data/epl,2017-09-11 20:00:00 +0100,32934
1,8088,309,1,309,"
            ",2,,4,15 - 20,data/epl,2017-09-11 20:00:00 +0100,32934
1,8206,309,1,309,"
            ",10,,4,15 - 20,data/epl,2017-09-11 20:00:00 +0100,32934
1,87,49,13,49,"
            ",11,,4,15 - 20,data/epl,2017-09-11 20:00:00 +0100,32934
4,15004,309,4,309,"
            ",12,,4,15 - 20,data/epl,2017-09-11 20:00:00 +0100,32934
1,544,49,3,49,"
            ",4,,4,15 - 20,data/epl,2017-09-11 20:00:00 +0100,32934
1,20871,309,1,309,"
            ",6,,4,15 - 20,data/epl,2017-09-11 20:00:00 +0100,32934
1,2074,309,1,309,"
            ",5,,4,15 - 20,data/epl,2017-09-11 20:00:00 +0100,32934
1,10504,309,2,309,"
            ",16,,4,15 - 20,data/epl,2017-09-11 20:00:00 +0100,32934
1,10955,49,1,49,"
            ",18,,5,20 - 25,data/epl,2017-09-11 20:00:00 +0100,32934
1,10560,49,2,49,"
            ",16,,5,20 - 25,data/epl,2017-09-11 20:00:00 +0100,32934
1,925,49,4,49,"
            ",15,,5,20 - 25,data/epl,2017-09-11 20:00:00 +0100,32934
2,905,49,3,49,"
            ",9,,5,20 - 25,data/epl,2017-09-11 20:00:00 +0100,32934
3,544,49,3,49,"
            ",4,,5,20 - 25,data/epl,2017-09-11 20:00:00 +0100,32934
1,10560,49,3,49,"
            ",17,,5,20 - 25,data/epl,2017-09-11 20:00:00 +0100,32934
3,12372,309,5,309,"
            ",12,,5,20 - 25,data/epl,2017-09-11 20:00:00 +0100,32934
2,2948,49,6,49,"
            ",10,,5,20 - 25,data/epl,2017-09-11 20:00:00 +0100,32934
1,10560,49,1,49,"
            ",5,,5,20 - 25,data/epl,2017-09-11 20:00:00 +0100,32934
1,10560,49,2,49,"
            ",6,,5,20 - 25,data/epl,2017-09-11 20:00:00 +0100,32934
1,10955,49,12,49,"
            ",11,,5,20 - 25,data/epl,2017-09-11 20:00:00 +0100,32934
1,8088,309,1,309,"
            ",3,,5,20 - 25,data/epl,2017-09-11 20:00:00 +0100,32934
1,925,49,1,49,"
            ",8,,5,20 - 25,data/epl,2017-09-11 20:00:00 +0100,32934
1,2948,49,1,49,"
            ",2,,5,20 - 25,data/epl,2017-09-11 20:00:00 +0100,32934
1,8088,309,1,309,"
            ",1,,5,20 - 25,data/epl,2017-09-11 20:00:00 +0100,32934
1,729,49,1,49,"
            ",11,,6,25 - 30,data/epl,2017-09-11 20:00:00 +0100,32934
1,11309,309,4,309,"
            ",12,,6,25 - 30,data/epl,2017-09-11 20:00:00 +0100,32934
1,87,49,1,49,"
            ",5,,6,25 - 30,data/epl,2017-09-11 20:00:00 +0100,32934
3,10560,49,3,49,"
            ",18,,6,25 - 30,data/epl,2017-09-11 20:00:00 +0100,32934
1,10560,49,3,49,"
            ",6,,6,25 - 30,data/epl,2017-09-11 20:00:00 +0100,32934
1,544,49,4,49,"
            ",4,,6,25 - 30,data/epl,2017-09-11 20:00:00 +0100,32934
1,729,49,2,49,"
            ",10,,6,25 - 30,data/epl,2017-09-11 20:00:00 +0100,32934
1,10560,49,2,49,"
            ",16,,6,25 - 30,data/epl,2017-09-11 20:00:00 +0100,32934
1,925,49,1,49,"
            ",9,,6,25 - 30,data/epl,2017-09-11 20:00:00 +0100,32934
1,729,49,2,49,"
            ",3,,6,25 - 30,data/epl,2017-09-11 20:00:00 +0100,32934
1,925,49,1,49,"
            ",7,,6,25 - 30,data/epl,2017-09-11 20:00:00 +0100,32934
1,15280,309,2,309,"
            ",14,,6,25 - 30,data/epl,2017-09-11 20:00:00 +0100,32934
1,8206,309,1,309,"
            ",15,,6,25 - 30,data/epl,2017-09-11 20:00:00 +0100,32934
1,87,49,1,49,"
            ",17,,6,25 - 30,data/epl,2017-09-11 20:00:00 +0100,32934
1,925,49,1,49,"
            ",8,,6,25 - 30,data/epl,2017-09-11 20:00:00 +0100,32934
1,9470,49,3,49,"
            ",8,,7,30 - 35,data/epl,2017-09-11 20:00:00 +0100,32934
1,7969,309,6,309,"
            ",16,,7,30 - 35,data/epl,2017-09-11 20:00:00 +0100,32934
1,12372,309,10,309,"
            ",10,,7,30 - 35,data/epl,2017-09-11 20:00:00 +0100,32934
1,11309,309,4,309,"
            ",9,,7,30 - 35,data/epl,2017-09-11 20:00:00 +0100,32934
1,7969,309,2,309,"
            ",15,,7,30 - 35,data/epl,2017-09-11 20:00:00 +0100,32934
1,8206,309,1,309,"
            ",3,,7,30 - 35,data/epl,2017-09-11 20:00:00 +0100,32934
1,8088,309,1,309,"
            ",4,,7,30 - 35,data/epl,2017-09-11 20:00:00 +0100,32934
1,87,49,1,49,"
            ",6,,7,30 - 35,data/epl,2017-09-11 20:00:00 +0100,32934
1,20871,309,2,309,"
            ",12,,7,30 - 35,data/epl,2017-09-11 20:00:00 +0100,32934
1,87,49,6,49,"
            ",11,,7,30 - 35,data/epl,2017-09-11 20:00:00 +0100,32934
1,10504,309,5,309,"
            ",17,,7,30 - 35,data/epl,2017-09-11 20:00:00 +0100,32934
1,10504,309,2,309,"
            ",18,,7,30 - 35,data/epl,2017-09-11 20:00:00 +0100,32934
1,87,49,1,49,"
            ",5,,7,30 - 35,data/epl,2017-09-11 20:00:00 +0100,32934
1,15004,309,6,309,"
            ",12,,8,35 - 40,data/epl,2017-09-11 20:00:00 +0100,32934
3,10955,49,4,49,"
            ",18,,8,35 - 40,data/epl,2017-09-11 20:00:00 +0100,32934
2,10560,49,2,49,"
            ",17,,8,35 - 40,data/epl,2017-09-11 20:00:00 +0100,32934
1,905,49,2,49,"
            ",4,,8,35 - 40,data/epl,2017-09-11 20:00:00 +0100,32934
1,544,49,4,49,"
            ",5,,8,35 - 40,data/epl,2017-09-11 20:00:00 +0100,32934
1,729,49,1,49,"
            ",3,,8,35 - 40,data/epl,2017-09-11 20:00:00 +0100,32934
2,20871,309,7,309,"
            ",11,,8,35 - 40,data/epl,2017-09-11 20:00:00 +0100,32934
1,10504,309,1,309,"
            ",16,,8,35 - 40,data/epl,2017-09-11 20:00:00 +0100,32934
1,9470,49,4,49,"
            ",10,,8,35 - 40,data/epl,2017-09-11 20:00:00 +0100,32934
2,82,49,2,49,"
            ",7,,8,35 - 40,data/epl,2017-09-11 20:00:00 +0100,32934
1,729,49,1,49,"
            ",1,,8,35 - 40,data/epl,2017-09-11 20:00:00 +0100,32934
1,905,49,3,49,"
            ",8,,8,35 - 40,data/epl,2017-09-11 20:00:00 +0100,32934
1,905,49,3,49,"
            ",9,,8,35 - 40,data/epl,2017-09-11 20:00:00 +0100,32934
1,2948,49,1,49,"
            ",15,,8,35 - 40,data/epl,2017-09-11 20:00:00 +0100,32934
1,544,49,1,49,"
            ",6,,8,35 - 40,data/epl,2017-09-11 20:00:00 +0100,32934
1,544,49,7,49,"
            ",9,0,9,40 - 45,data/epl,2017-09-11 20:00:00 +0100,32934
1,8088,309,1,309,"
            ",8,0,9,40 - 45,data/epl,2017-09-11 20:00:00 +0100,32934
1,905,49,1,49,"
            ",7,0,9,40 - 45,data/epl,2017-09-11 20:00:00 +0100,32934
1,11309,309,1,309,"
            ",1,0,9,40 - 45,data/epl,2017-09-11 20:00:00 +0100,32934
1,11309,309,3,309,"
            ",2,0,9,40 - 45,data/epl,2017-09-11 20:00:00 +0100,32934
3,2074,309,3,309,"
            ",4,0,9,40 - 45,data/epl,2017-09-11 20:00:00 +0100,32934
1,20871,309,2,309,"
            ",10,0,9,40 - 45,data/epl,2017-09-11 20:00:00 +0100,32934
5,15004,309,5,309,"
            ",12,0,9,40 - 45,data/epl,2017-09-11 20:00:00 +0100,32934
1,12372,309,2,309,"
            ",11,0,9,40 - 45,data/epl,2017-09-11 20:00:00 +0100,32934
1,9470,49,2,49,"
            ",15,0,9,40 - 45,data/epl,2017-09-11 20:00:00 +0100,32934
1,12372,309,2,309,"
            ",17,0,9,40 - 45,data/epl,2017-09-11 20:00:00 +0100,32934
1,925,49,1,49,"
            ",16,0,9,40 - 45,data/epl,2017-09-11 20:00:00 +0100,32934
1,12372,309,1,309,"
            ",3,0,9,40 - 45,data/epl,2017-09-11 20:00:00 +0100,32934
1,11309,309,1,309,"
            ",14,1,9,40 - 45,data/epl,2017-09-11 20:00:00 +0100,32934
1,10072,309,1,309,"
            ",7,1,9,40 - 45,data/epl,2017-09-11 20:00:00 +0100,32934
1,8088,309,1,309,"
            ",8,1,9,40 - 45,data/epl,2017-09-11 20:00:00 +0100,32934
1,87,49,2,49,"
            ",4,1,9,40 - 45,data/epl,2017-09-11 20:00:00 +0100,32934
1,8088,309,1,309,"
            ",10,1,9,40 - 45,data/epl,2017-09-11 20:00:00 +0100,32934
1,15280,309,4,309,"
            ",3,1,9,40 - 45,data/epl,2017-09-11 20:00:00 +0100,32934
1,2074,309,1,309,"
            ",5,1,9,40 - 45,data/epl,2017-09-11 20:00:00 +0100,32934
1,729,49,3,49,"
            ",9,1,9,40 - 45,data/epl,2017-09-11 20:00:00 +0100,32934
1,925,49,1,49,"
            ",15,1,9,40 - 45,data/epl,2017-09-11 20:00:00 +0100,32934
1,10560,49,1,49,"
            ",17,1,9,40 - 45,data/epl,2017-09-11 20:00:00 +0100,32934
2,2948,49,4,49,"
            ",11,1,9,40 - 45,data/epl,2017-09-11 20:00:00 +0100,32934
1,925,49,1,49,"
            ",8,,10,45 - 50,data/epl,2017-09-11 20:00:00 +0100,32934
1,2948,49,2,49,"
            ",9,,10,45 - 50,data/epl,2017-09-11 20:00:00 +0100,32934
1,15280,309,1,309,"
            ",15,,10,45 - 50,data/epl,2017-09-11 20:00:00 +0100,32934
3,12372,309,4,309,"
            ",10,,10,45 - 50,data/epl,2017-09-11 20:00:00 +0100,32934
1,12372,309,5,309,"
            ",11,,10,45 - 50,data/epl,2017-09-11 20:00:00 +0100,32934
1,15280,309,3,309,"
            ",16,,10,45 - 50,data/epl,2017-09-11 20:00:00 +0100,32934
1,15004,309,1,309,"
            ",6,,10,45 - 50,data/epl,2017-09-11 20:00:00 +0100,32934
1,7969,309,3,309,"
            ",12,,10,45 - 50,data/epl,2017-09-11 20:00:00 +0100,32934
1,544,49,3,49,"
            ",5,,10,45 - 50,data/epl,2017-09-11 20:00:00 +0100,32934
1,9470,49,3,49,"
            ",4,,10,45 - 50,data/epl,2017-09-11 20:00:00 +0100,32934
2,583,49,2,49,"
            ",16,,11,50 - 55,data/epl,2017-09-11 20:00:00 +0100,32934
1,15004,309,1,309,"
            ",12,,11,50 - 55,data/epl,2017-09-11 20:00:00 +0100,32934
1,925,49,5,49,"
            ",10,,11,50 - 55,data/epl,2017-09-11 20:00:00 +0100,32934
1,10504,309,1,309,"
            ",18,,11,50 - 55,data/epl,2017-09-11 20:00:00 +0100,32934
4,82,49,4,49,"
            ",7,,11,50 - 55,data/epl,2017-09-11 20:00:00 +0100,32934
1,12372,309,2,309,"
            ",8,,11,50 - 55,data/epl,2017-09-11 20:00:00 +0100,32934
1,8088,309,1,309,"
            ",2,,11,50 - 55,data/epl,2017-09-11 20:00:00 +0100,32934
1,12372,309,1,309,"
            ",11,,11,50 - 55,data/epl,2017-09-11 20:00:00 +0100,32934
1,2948,49,3,49,"
            ",9,,11,50 - 55,data/epl,2017-09-11 20:00:00 +0100,32934
1,12372,309,3,309,"
            ",15,,11,50 - 55,data/epl,2017-09-11 20:00:00 +0100,32934
1,12372,309,1,309,"
            ",5,,11,50 - 55,data/epl,2017-09-11 20:00:00 +0100,32934
1,20871,309,1,309,"
            ",6,,11,50 - 55,data/epl,2017-09-11 20:00:00 +0100,32934
1,544,49,1,49,"
            ",4,,11,50 - 55,data/epl,2017-09-11 20:00:00 +0100,32934
1,2074,309,1,309,"
            ",1,,11,50 - 55,data/epl,2017-09-11 20:00:00 +0100,32934
1,10504,309,1,309,"
            ",17,,11,50 - 55,data/epl,2017-09-11 20:00:00 +0100,32934
1,2948,49,1,49,"
            ",14,,12,55 - 60,data/epl,2017-09-11 20:00:00 +0100,32934
1,10955,49,1,49,"
            ",11,,12,55 - 60,data/epl,2017-09-11 20:00:00 +0100,32934
2,544,49,3,49,"
            ",5,,12,55 - 60,data/epl,2017-09-11 20:00:00 +0100,32934
1,15004,309,2,309,"
            ",12,,12,55 - 60,data/epl,2017-09-11 20:00:00 +0100,32934
1,2948,49,2,49,"
            ",4,,12,55 - 60,data/epl,2017-09-11 20:00:00 +0100,32934
1,905,49,2,49,"
            ",9,,12,55 - 60,data/epl,2017-09-11 20:00:00 +0100,32934
1,544,49,8,49,"
            ",10,,12,55 - 60,data/epl,2017-09-11 20:00:00 +0100,32934
1,10560,49,1,49,"
            ",18,,12,55 - 60,data/epl,2017-09-11 20:00:00 +0100,32934
2,729,49,2,49,"
            ",2,,12,55 - 60,data/epl,2017-09-11 20:00:00 +0100,32934
1,925,49,4,49,"
            ",8,,12,55 - 60,data/epl,2017-09-11 20:00:00 +0100,32934
1,20871,309,4,309,"
            ",3,,12,55 - 60,data/epl,2017-09-11 20:00:00 +0100,32934
1,10504,309,1,309,"
            ",16,,12,55 - 60,data/epl,2017-09-11 20:00:00 +0100,32934
1,7969,309,2,309,"
            ",17,,12,55 - 60,data/epl,2017-09-11 20:00:00 +0100,32934
2,82,49,2,49,"
            ",7,,12,55 - 60,data/epl,2017-09-11 20:00:00 +0100,32934
1,544,49,1,49,"
            ",6,,12,55 - 60,data/epl,2017-09-11 20:00:00 +0100,32934
2,10955,49,3,49,"
            ",16,,13,60 - 65,data/epl,2017-09-11 20:00:00 +0100,32934
1,1174,49,4,49,"
            ",15,,13,60 - 65,data/epl,2017-09-11 20:00:00 +0100,32934
1,544,49,1,49,"
            ",7,,13,60 - 65,data/epl,2017-09-11 20:00:00 +0100,32934
1,10504,309,2,309,"
            ",13,,13,60 - 65,data/epl,2017-09-11 20:00:00 +0100,32934
3,11309,309,2,309,"
            ",9,,13,60 - 65,data/epl,2017-09-11 20:00:00 +0100,32934
1,11309,309,3,309,"
            ",10,,13,60 - 65,data/epl,2017-09-11 20:00:00 +0100,32934
1,10560,49,1,49,"
            ",14,,13,60 - 65,data/epl,2017-09-11 20:00:00 +0100,32934
1,10504,309,1,309,"
            ",17,,13,60 - 65,data/epl,2017-09-11 20:00:00 +0100,32934
1,729,49,2,49,"
            ",8,,13,60 - 65,data/epl,2017-09-11 20:00:00 +0100,32934
1,15004,309,1,309,"
            ",12,,13,60 - 65,data/epl,2017-09-11 20:00:00 +0100,32934
1,544,49,1,49,"
            ",6,,13,60 - 65,data/epl,2017-09-11 20:00:00 +0100,32934
1,10955,49,1,49,"
            ",11,,13,60 - 65,data/epl,2017-09-11 20:00:00 +0100,32934
1,10504,309,1,309,"
            ",18,,13,60 - 65,data/epl,2017-09-11 20:00:00 +0100,32934
2,729,49,2,49,"
            ",2,,13,60 - 65,data/epl,2017-09-11 20:00:00 +0100,32934
1,8088,309,1,309,"
            ",3,,13,60 - 65,data/epl,2017-09-11 20:00:00 +0100,32934
1,15280,309,1,309,"
            ",1,,13,60 - 65,data/epl,2017-09-11 20:00:00 +0100,32934
1,9470,49,1,49,"
            ",9,,14,65 - 70,data/epl,2017-09-11 20:00:00 +0100,32934
1,925,49,2,49,"
            ",8,,14,65 - 70,data/epl,2017-09-11 20:00:00 +0100,32934
1,20871,309,3,309,"
            ",10,,14,65 - 70,data/epl,2017-09-11 20:00:00 +0100,32934
1,1174,49,3,49,"
            ",15,,14,65 - 70,data/epl,2017-09-11 20:00:00 +0100,32934
1,7969,309,4,309,"
            ",16,,14,65 - 70,data/epl,2017-09-11 20:00:00 +0100,32934
1,11309,309,1,309,"
            ",11,,14,65 - 70,data/epl,2017-09-11 20:00:00 +0100,32934
1,7969,309,3,309,"
            ",17,,14,65 - 70,data/epl,2017-09-11 20:00:00 +0100,32934
2,15004,309,2,309,"
            ",12,,14,65 - 70,data/epl,2017-09-11 20:00:00 +0100,32934
1,10560,49,1,49,"
            ",6,,14,65 - 70,data/epl,2017-09-11 20:00:00 +0100,32934
1,10560,49,1,49,"
            ",18,,14,65 - 70,data/epl,2017-09-11 20:00:00 +0100,32934
1,82,49,1,49,"
            ",7,,14,65 - 70,data/epl,2017-09-11 20:00:00 +0100,32934
1,10803,309,2,309,"
            ",2,,14,65 - 70,data/epl,2017-09-11 20:00:00 +0100,32934
1,905,49,1,49,"
            ",4,,14,65 - 70,data/epl,2017-09-11 20:00:00 +0100,32934
1,544,49,1,49,"
            ",5,,14,65 - 70,data/epl,2017-09-11 20:00:00 +0100,32934
1,2948,49,1,49,"
            ",1,,14,65 - 70,data/epl,2017-09-11 20:00:00 +0100,32934
1,729,49,1,49,"
            ",3,,14,65 - 70,data/epl,2017-09-11 20:00:00 +0100,32934
1,925,49,1,49,"
            ",14,,14,65 - 70,data/epl,2017-09-11 20:00:00 +0100,32934
2,729,49,5,49,"
            ",3,,15,70 - 75,data/epl,2017-09-11 20:00:00 +0100,32934
1,10803,309,2,309,"
            ",4,,15,70 - 75,data/epl,2017-09-11 20:00:00 +0100,32934
1,544,49,3,49,"
            ",11,,15,70 - 75,data/epl,2017-09-11 20:00:00 +0100,32934
1,15004,309,1,309,"
            ",12,,15,70 - 75,data/epl,2017-09-11 20:00:00 +0100,32934
1,925,49,3,49,"
            ",15,,15,70 - 75,data/epl,2017-09-11 20:00:00 +0100,32934
1,15004,309,2,309,"
            ",17,,15,70 - 75,data/epl,2017-09-11 20:00:00 +0100,32934
1,15004,309,1,309,"
            ",18,,15,70 - 75,data/epl,2017-09-11 20:00:00 +0100,32934
1,87,49,5,49,"
            ",16,,15,70 - 75,data/epl,2017-09-11 20:00:00 +0100,32934
1,925,49,2,49,"
            ",14,,15,70 - 75,data/epl,2017-09-11 20:00:00 +0100,32934
1,11309,309,6,309,"
            ",10,,15,70 - 75,data/epl,2017-09-11 20:00:00 +0100,32934
1,544,49,1,49,"
            ",5,,15,70 - 75,data/epl,2017-09-11 20:00:00 +0100,32934
1,12372,309,1,309,"
            ",6,,15,70 - 75,data/epl,2017-09-11 20:00:00 +0100,32934
1,925,49,1,49,"
            ",9,,15,70 - 75,data/epl,2017-09-11 20:00:00 +0100,32934
1,23637,309,1,309,"
            ",18,,16,75 - 80,data/epl,2017-09-11 20:00:00 +0100,32934
2,925,49,2,49,"
            ",7,,16,75 - 80,data/epl,2017-09-11 20:00:00 +0100,32934
1,11309,309,4,309,"
            ",13,,16,75 - 80,data/epl,2017-09-11 20:00:00 +0100,32934
1,8206,309,1,309,"
            ",8,,16,75 - 80,data/epl,2017-09-11 20:00:00 +0100,32934
1,11309,309,3,309,"
            ",14,,16,75 - 80,data/epl,2017-09-11 20:00:00 +0100,32934
1,7969,309,2,309,"
            ",9,,16,75 - 80,data/epl,2017-09-11 20:00:00 +0100,32934
1,12372,309,9,309,"
            ",10,,16,75 - 80,data/epl,2017-09-11 20:00:00 +0100,32934
1,15004,309,5,309,"
            ",11,,16,75 - 80,data/epl,2017-09-11 20:00:00 +0100,32934
1,10504,309,2,309,"
            ",16,,16,75 - 80,data/epl,2017-09-11 20:00:00 +0100,32934
1,10504,309,1,309,"
            ",17,,16,75 - 80,data/epl,2017-09-11 20:00:00 +0100,32934
1,10803,309,1,309,"
            ",5,,16,75 - 80,data/epl,2017-09-11 20:00:00 +0100,32934
2,1174,49,3,49,"
            ",12,,16,75 - 80,data/epl,2017-09-11 20:00:00 +0100,32934
1,10560,49,1,49,"
            ",6,,16,75 - 80,data/epl,2017-09-11 20:00:00 +0100,32934
1,11309,309,1,309,"
            ",3,,16,75 - 80,data/epl,2017-09-11 20:00:00 +0100,32934
1,23637,309,3,309,"
            ",15,,17,80 - 85,data/epl,2017-09-11 20:00:00 +0100,32934
1,10504,309,1,309,"
            ",17,,17,80 - 85,data/epl,2017-09-11 20:00:00 +0100,32934
2,15035,49,8,49,"
            ",16,,17,80 - 85,data/epl,2017-09-11 20:00:00 +0100,32934
1,7969,309,4,309,"
            ",10,,17,80 - 85,data/epl,2017-09-11 20:00:00 +0100,32934
1,10504,309,2,309,"
            ",9,,17,80 - 85,data/epl,2017-09-11 20:00:00 +0100,32934
1,20871,309,1,309,"
            ",11,,17,80 - 85,data/epl,2017-09-11 20:00:00 +0100,32934
1,10955,49,1,49,"
            ",18,,17,80 - 85,data/epl,2017-09-11 20:00:00 +0100,32934
1,544,49,3,49,"
            ",4,,17,80 - 85,data/epl,2017-09-11 20:00:00 +0100,32934
1,544,49,3,49,"
            ",2,,17,80 - 85,data/epl,2017-09-11 20:00:00 +0100,32934
1,544,49,1,49,"
            ",1,,17,80 - 85,data/epl,2017-09-11 20:00:00 +0100,32934
1,10803,309,1,309,"
            ",3,,17,80 - 85,data/epl,2017-09-11 20:00:00 +0100,32934
1,10072,309,4,309,"
            ",7,,17,80 - 85,data/epl,2017-09-11 20:00:00 +0100,32934
1,10803,309,1,309,"
            ",6,0,18,85 - 90,data/epl,2017-09-11 20:00:00 +0100,32934
1,544,49,1,49,"
            ",5,0,18,85 - 90,data/epl,2017-09-11 20:00:00 +0100,32934
1,544,49,1,49,"
            ",4,0,18,85 - 90,data/epl,2017-09-11 20:00:00 +0100,32934
1,9470,49,3,49,"
            ",10,0,18,85 - 90,data/epl,2017-09-11 20:00:00 +0100,32934
1,10955,49,7,49,"
            ",11,0,18,85 - 90,data/epl,2017-09-11 20:00:00 +0100,32934
1,82,49,3,49,"
            ",7,0,18,85 - 90,data/epl,2017-09-11 20:00:00 +0100,32934
2,11309,309,2,309,"
            ",1,0,18,85 - 90,data/epl,2017-09-11 20:00:00 +0100,32934
1,10803,309,1,309,"
            ",2,0,18,85 - 90,data/epl,2017-09-11 20:00:00 +0100,32934
1,11309,309,3,309,"
            ",9,0,18,85 - 90,data/epl,2017-09-11 20:00:00 +0100,32934
1,10504,309,1,309,"
            ",17,0,18,85 - 90,data/epl,2017-09-11 20:00:00 +0100,32934
1,10560,49,7,49,"
            ",8,0,18,85 - 90,data/epl,2017-09-11 20:00:00 +0100,32934
3,15004,309,3,309,"
            ",12,0,18,85 - 90,data/epl,2017-09-11 20:00:00 +0100,32934
2,544,49,4,49,"
            ",3,0,18,85 - 90,data/epl,2017-09-11 20:00:00 +0100,32934
1,7969,309,5,309,"
            ",15,0,18,85 - 90,data/epl,2017-09-11 20:00:00 +0100,32934
2,11309,309,2,309,"
            ",14,0,18,85 - 90,data/epl,2017-09-11 20:00:00 +0100,32934
2,10504,309,2,309,"
            ",13,0,18,85 - 90,data/epl,2017-09-11 20:00:00 +0100,32934
2,729,49,6,49,"
            ",6,1,18,85 - 90,data/epl,2017-09-11 20:00:00 +0100,32934
1,729,49,2,49,"
            ",4,1,18,85 - 90,data/epl,2017-09-11 20:00:00 +0100,32934
1,8206,309,2,309,"
            ",10,1,18,85 - 90,data/epl,2017-09-11 20:00:00 +0100,32934
2,544,49,2,49,"
            ",5,1,18,85 - 90,data/epl,2017-09-11 20:00:00 +0100,32934
1,544,49,1,49,"
            ",3,1,18,85 - 90,data/epl,2017-09-11 20:00:00 +0100,32934
1,10803,309,1,309,"
            ",11,1,18,85 - 90,data/epl,2017-09-11 20:00:00 +0100,32934
2,15035,49,2,49,"
            ",17,1,18,85 - 90,data/epl,2017-09-11 20:00:00 +0100,32934
1,10560,49,2,49,"
            ",16,1,18,85 - 90,data/epl,2017-09-11 20:00:00 +0100,32934
1,82,49,2,49,"
            ",7,1,18,85 - 90,data/epl,2017-09-11 20:00:00 +0100,32934
1,10504,309,2,309,"
            ",13,1,18,85 - 90,data/epl,2017-09-11 20:00:00 +0100,32934
1,11309,309,5,309,"
            ",8,1,18,85 - 90,data/epl,2017-09-11 20:00:00 +0100,32934
1,10803,309,5,309,"
            ",9,1,18,85 - 90,data/epl,2017-09-11 20:00:00 +0100,32934
1,11309,309,1,309,"
            ",2,1,18,85 - 90,data/epl,2017-09-11 20:00:00 +0100,32934
1,544,49,1,49,"
            ",1,1,18,85 - 90,data/epl,2017-09-11 20:00:00 +0100,32934
1,20871,309,1,309,"
            ",12,1,18,85 - 90,data/epl,2017-09-11 20:00:00 +0100,32934
